{
  "CLC_2006_forest_proportion": {
    "mean": 0.15372781455516815,
    "std": 0.28131935000419617
  },
  "wind_speed_mean": {
    "mean": 2.3934099674224854,
    "std": 1.1843255758285522
  },
  "t2m_mean": {
    "mean": 15.247292518615723,
    "std": 7.329821586608887
  },
  "RH_mean": {
    "mean": 67.40483856201172,
    "std": 17.00298500061035
  },
  "total_precipitation_mean": {
    "mean": 0.9369865655899048,
    "std": 2.554173231124878
  },
  "is_holiday": {
    "mean": 0.2992910464818648,
    "std": 0.4579475035172209
  }
}