{
  "wind_speed_mean": {
    "mean": 2.3785629272460938,
    "std": 1.1049516201019287
  },
  "t2m_mean": {
    "mean": 14.071122169494629,
    "std": 7.272950172424316
  },
  "RH_mean": {
    "mean": 68.37812805175781,
    "std": 15.834482192993164
  },
  "total_precipitation_mean": {
    "mean": 0.8029823899269104,
    "std": 2.384218454360962
  },
  "is_holiday": {
    "mean": 0.2544174645477577,
    "std": 0.435533257376337
  },
  "popdens_2020": {
    "mean": 46.78522872924805,
    "std": 502.96820068359375
  },
  "dist_to_railways_mean": {
    "mean": 0.25202861428260803,
    "std": 0.12842248380184174
  },
  "dist_to_roads_mean": {
    "mean": 1.0053107738494873,
    "std": 1.0433388948440552
  },
  "slope_mean": {
    "mean": 4.729099750518799,
    "std": 6.396743297576904
  },
  "CLC_2018_forest_proportion": {
    "mean": 0.14705944061279297,
    "std": 0.2742483913898468
  }
}