{
  "wind_speed_mean": {
    "mean": 2.374610185623169,
    "std": 1.1444371938705444
  },
  "t2m_mean": {
    "mean": 13.534134864807129,
    "std": 7.538118362426758
  },
  "RH_mean": {
    "mean": 67.8764419555664,
    "std": 16.32645606994629
  },
  "total_precipitation_mean": {
    "mean": 0.9149102568626404,
    "std": 2.3331727981567383
  },
  "is_holiday": {
    "mean": 0.24559094568877177,
    "std": 0.43043702568956377
  },
  "popdens_2020": {
    "mean": 46.86064910888672,
    "std": 498.5992126464844
  },
  "dist_to_railways_mean": {
    "mean": 0.2518903315067291,
    "std": 0.1284014731645584
  },
  "dist_to_roads_mean": {
    "mean": 1.0061800479888916,
    "std": 1.0440672636032104
  },
  "slope_mean": {
    "mean": 4.731202125549316,
    "std": 6.3904008865356445
  },
  "CLC_2018_forest_proportion": {
    "mean": 0.14739811420440674,
    "std": 0.27457255125045776
  },
  "FWI": {
    "mean": 13.03565502166748,
    "std": 15.285097122192383
  }
}