{
  "wind_speed_mean": {
    "mean": 2.5873029232025146,
    "std": 1.3266944885253906
  },
  "t2m_mean": {
    "mean": 14.236857414245605,
    "std": 7.1993021965026855
  },
  "RH_mean": {
    "mean": 68.26062774658203,
    "std": 17.036636352539062
  },
  "total_precipitation_mean": {
    "mean": 1.0647399425506592,
    "std": 2.591663122177124
  },
  "is_holiday": {
    "mean": 0.29030844678670764,
    "std": 0.4539046733742614
  },
  "popdens_2020": {
    "mean": 48.81502151489258,
    "std": 511.32574462890625
  },
  "elevation_mean": {
    "mean": 363.84747314453125,
    "std": 444.864990234375
  },
  "dist_to_railways_mean": {
    "mean": 0.2519236207008362,
    "std": 0.12844543159008026
  },
  "dist_to_roads_mean": {
    "mean": 1.007085919380188,
    "std": 1.0441616773605347
  },
  "dist_to_waterways_mean": {
    "mean": 1.8183261156082153,
    "std": 1.8274953365325928
  },
  "roughness_mean": {
    "mean": 7.048781871795654,
    "std": 9.59355640411377
  },
  "slope_mean": {
    "mean": 4.739146709442139,
    "std": 6.39724063873291
  },
  "CLC_2018_forest_proportion": {
    "mean": 0.1478452831506729,
    "std": 0.27471673488616943
  },
  "CLC_2018_open_space_proportion": {
    "mean": 0.009673986583948135,
    "std": 0.07427805662155151
  }
}