{
  "FAPAR": {
    "mean": 0.40441054105758667,
    "std": 0.18057741224765778
  },
  "FWI": {
    "mean": 13.650589942932129,
    "std": 16.779802322387695
  },
  "LAI": {
    "mean": 1.1483913660049438,
    "std": 0.897425651550293
  },
  "LST": {
    "mean": 286.9007263183594,
    "std": 10.091400146484375
  },
  "NDVI": {
    "mean": 0.6176178455352783,
    "std": 0.26213735342025757
  },
  "RH_max": {
    "mean": 87.26205444335938,
    "std": 12.794022560119629
  },
  "RH_mean": {
    "mean": 68.91376495361328,
    "std": 17.382823944091797
  },
  "RH_min": {
    "mean": 49.181922912597656,
    "std": 19.966581344604492
  },
  "RH_range": {
    "mean": 38.08015060424805,
    "std": 13.814217567443848
  },
  "SWI_001": {
    "mean": 36.60660171508789,
    "std": 23.065563201904297
  },
  "SWI_005": {
    "mean": 35.28911209106445,
    "std": 19.833650588989258
  },
  "SWI_010": {
    "mean": 34.686336517333984,
    "std": 18.481279373168945
  },
  "SWI_020": {
    "mean": 34.07154846191406,
    "std": 16.86043930053711
  },
  "is_holiday": {
    "mean": 0.2636556257344301,
    "std": 0.440302575619756
  },
  "is_near_fire": {
    "mean": 0.009700444330199764,
    "std": 0.09369388164438072
  },
  "surface_pressure_max": {
    "mean": 949.7608642578125,
    "std": 42.09221649169922
  },
  "surface_pressure_mean": {
    "mean": 947.4613037109375,
    "std": 42.07730484008789
  },
  "surface_pressure_min": {
    "mean": 945.4239501953125,
    "std": 42.06831741333008
  },
  "surface_pressure_range": {
    "mean": 4.336844444274902,
    "std": 2.567556381225586
  },
  "t2m_max": {
    "mean": 19.10663414001465,
    "std": 8.245594024658203
  },
  "t2m_mean": {
    "mean": 14.233013153076172,
    "std": 7.264186382293701
  },
  "t2m_min": {
    "mean": 9.668281555175781,
    "std": 6.42926025390625
  },
  "t2m_range": {
    "mean": -263.711669921875,
    "std": 3.7144598960876465
  },
  "total_precipitation_mean": {
    "mean": 1.168007254600525,
    "std": 2.778367757797241
  },
  "wind_direction_at_max_speed": {
    "mean": 211.14317321777344,
    "std": 96.16995239257812
  },
  "wind_direction_mean": {
    "mean": 206.59494018554688,
    "std": 97.50050354003906
  },
  "wind_speed_max": {
    "mean": 3.9431538581848145,
    "std": 1.6784892082214355
  },
  "wind_speed_mean": {
    "mean": 2.541011333465576,
    "std": 1.224987268447876
  },
  "CLC_1": {
    "mean": 0.0020831467118114233,
    "std": 0.010723965242505074
  },
  "CLC_2": {
    "mean": 0.009320743381977081,
    "std": 0.030128853395581245
  },
  "CLC_3": {
    "mean": 0.002977753058075905,
    "std": 0.013157324865460396
  },
  "CLC_4": {
    "mean": 0.0005154903628863394,
    "std": 0.003043714677914977
  },
  "CLC_5": {
    "mean": 4.319060826674104e-05,
    "std": 0.000783757830504328
  },
  "CLC_6": {
    "mean": 0.00025424439809285104,
    "std": 0.00403027655556798
  },
  "CLC_7": {
    "mean": 0.000952889327891171,
    "std": 0.0058073061518371105
  },
  "CLC_8": {
    "mean": 0.00013510453572962433,
    "std": 0.0014001574600115418
  },
  "CLC_9": {
    "mean": 0.000492521037813276,
    "std": 0.003805668791756034
  },
  "CLC_10": {
    "mean": 0.0001921238290378824,
    "std": 0.0032042493112385273
  },
  "CLC_11": {
    "mean": 0.0006257773493416607,
    "std": 0.004595473408699036
  },
  "CLC_12": {
    "mean": 0.11475738137960434,
    "std": 0.21180099248886108
  },
  "CLC_13": {
    "mean": 0.02613825350999832,
    "std": 0.09788171201944351
  },
  "CLC_14": {
    "mean": 0.0016638543456792831,
    "std": 0.024389225989580154
  },
  "CLC_15": {
    "mean": 0.016451595351099968,
    "std": 0.07683391124010086
  },
  "CLC_16": {
    "mean": 0.011817891150712967,
    "std": 0.05489847809076309
  },
  "CLC_17": {
    "mean": 0.024063758552074432,
    "std": 0.09931185841560364
  },
  "CLC_18": {
    "mean": 0.02334349974989891,
    "std": 0.06932158023118973
  },
  "CLC_19": {
    "mean": 0.002817448228597641,
    "std": 0.020324090495705605
  },
  "CLC_20": {
    "mean": 0.03727134317159653,
    "std": 0.08158944547176361
  },
  "CLC_21": {
    "mean": 0.023936159908771515,
    "std": 0.046952713280916214
  },
  "CLC_22": {
    "mean": 0.02872113697230816,
    "std": 0.10499439388513565
  },
  "CLC_23": {
    "mean": 0.07340250164270401,
    "std": 0.13260363042354584
  },
  "CLC_24": {
    "mean": 0.056222524493932724,
    "std": 0.12507514655590057
  },
  "CLC_25": {
    "mean": 0.02113138884305954,
    "std": 0.05859048664569855
  },
  "CLC_26": {
    "mean": 0.038372334092855453,
    "std": 0.08870386332273483
  },
  "CLC_27": {
    "mean": 0.023045357316732407,
    "std": 0.08342316001653671
  },
  "CLC_28": {
    "mean": 0.04751710593700409,
    "std": 0.10625819861888885
  },
  "CLC_29": {
    "mean": 0.03870857134461403,
    "std": 0.08229713886976242
  },
  "CLC_30": {
    "mean": 0.0002973952214233577,
    "std": 0.003513293107971549
  },
  "CLC_31": {
    "mean": 0.002423114376142621,
    "std": 0.023245710879564285
  },
  "CLC_32": {
    "mean": 0.006170418579131365,
    "std": 0.03352583572268486
  },
  "CLC_33": {
    "mean": 0.0006861994625069201,
    "std": 0.012464810162782669
  },
  "CLC_34": {
    "mean": 1.0028029464592692e-05,
    "std": 0.0005633446853607893
  },
  "CLC_35": {
    "mean": 0.00032305740751326084,
    "std": 0.008683164604008198
  },
  "CLC_36": {
    "mean": 1.3115697583998553e-05,
    "std": 0.0005921581760048866
  },
  "CLC_37": {
    "mean": 0.0007493236917071044,
    "std": 0.01429232582449913
  },
  "CLC_38": {
    "mean": 0.00025346712209284306,
    "std": 0.00608872203156352
  },
  "CLC_39": {
    "mean": 2.518483051971998e-05,
    "std": 0.000865320151206106
  },
  "CLC_40": {
    "mean": 0.0008337342296727002,
    "std": 0.0056024640798568726
  },
  "CLC_41": {
    "mean": 0.003277176758274436,
    "std": 0.019636614248156548
  },
  "CLC_42": {
    "mean": 0.00038603178109042346,
    "std": 0.009840226732194424
  },
  "CLC_43": {
    "mean": 8.358426566701382e-05,
    "std": 0.0016120056388899684
  },
  "CLC_44": {
    "mean": 0.3555833399295807,
    "std": 0.47320714592933655
  },
  "CLC_agricultural_proportion": {
    "mean": 0.3109823167324066,
    "std": 0.3362254500389099
  },
  "CLC_arable_land_proportion": {
    "mean": 0.1425594687461853,
    "std": 0.2451128214597702
  },
  "CLC_artificial_proportion": {
    "mean": 0.017592987045645714,
    "std": 0.05388303101062775
  },
  "CLC_artificial_vegetation_proportion": {
    "mean": 0.0008179012220352888,
    "std": 0.006290474906563759
  },
  "CLC_forest_and_semi_natural_proportion": {
    "mean": 0.3079869747161865,
    "std": 0.33886411786079407
  },
  "CLC_forest_proportion": {
    "mean": 0.15075641870498657,
    "std": 0.21018466353416443
  },
  "CLC_heterogeneous_agriculture_proportion": {
    "mean": 0.09274608641862869,
    "std": 0.14505158364772797
  },
  "CLC_industrial_proportion": {
    "mean": 0.003790678456425667,
    "std": 0.01666165329515934
  },
  "CLC_inland_waters_proportion": {
    "mean": 0.0041109113954007626,
    "std": 0.0205049030482769
  },
  "CLC_inland_wetlands_proportion": {
    "mean": 0.00033617313602007926,
    "std": 0.008704684674739838
  },
  "CLC_marine_waters_proportion": {
    "mean": 0.3560529351234436,
    "std": 0.4731582999229431
  },
  "CLC_maritime_wetlands_proportion": {
    "mean": 0.0010279755806550384,
    "std": 0.01759074255824089
  },
  "CLC_mine_proportion": {
    "mean": 0.0015805148286744952,
    "std": 0.0075576528906822205
  },
  "CLC_open_space_proportion": {
    "mean": 0.00958715658634901,
    "std": 0.048326704651117325
  },
  "CLC_permanent_crops_proportion": {
    "mean": 0.052333246916532516,
    "std": 0.13956202566623688
  },
  "CLC_scrub_proportion": {
    "mean": 0.14764337241649628,
    "std": 0.19870249927043915
  },
  "CLC_urban_fabric_proportion": {
    "mean": 0.011403890326619148,
    "std": 0.035436198115348816
  },
  "CLC_waterbody_proportion": {
    "mean": 0.3601638674736023,