{
  "wind_speed_mean": {
    "mean": 2.5083484649658203,
    "std": 1.2414648532867432
  },
  "t2m_mean": {
    "mean": 14.071233749389648,
    "std": 6.801764488220215
  },
  "RH_mean": {
    "mean": 68.2435302734375,
    "std": 15.844858169555664
  },
  "total_precipitation_mean": {
    "mean": 1.1537233591079712,
    "std": 2.848222494125366
  },
  "is_holiday": {
    "mean": 0.2236964875881316,
    "std": 0.4163688226629874
  },
  "popdens_2020": {
    "mean": 46.900543212890625,
    "std": 355.79541015625
  },
  "dist_to_railways_mean": {
    "mean": 0.25165247917175293,
    "std": 0.1257820576429367
  },
  "dist_to_roads_mean": {
    "mean": 1.0073055028915405,
    "std": 0.8119910359382629
  },
  "slope_mean": {
    "mean": 4.7425336837768555,
    "std": 5.866580009460449
  },
  "CLC_2018_forest_proportion": {
    "mean": 0.14744871854782104,
    "std": 0.2067333608865738
  },
  "FWI": {
    "mean": 12.771851539611816,
    "std": 14.641396522521973
  },
  "is_near_fire": {
    "mean": 0.009882032168037604,
    "std": 0.09497311111864895
  }
}