{
  "wind_speed_mean": {
    "mean": 2.5217385292053223,
    "std": 1.2827181816101074
  },
  "t2m_mean": {
    "mean": 15.109540939331055,
    "std": 7.463509559631348
  },
  "RH_mean": {
    "mean": 67.88953399658203,
    "std": 16.88908576965332
  },
  "total_precipitation_mean": {
    "mean": 1.4440088272094727,
    "std": 3.2022767066955566
  },
  "is_holiday": {
    "mean": 0.2940891523935002,
    "std": 0.4556322232217177
  },
  "popdens_2020": {
    "mean": 46.86064910888672,
    "std": 498.5992126464844
  },
  "dist_to_railways_mean": {
    "mean": 0.2518903315067291,
    "std": 0.1284014731645584
  },
  "dist_to_roads_mean": {
    "mean": 1.0061800479888916,
    "std": 1.0440672636032104
  },
  "slope_mean": {
    "mean": 4.731202125549316,
    "std": 6.3904008865356445
  },
  "CLC_2018_forest_proportion": {
    "mean": 0.14739811420440674,
    "std": 0.27457255125045776
  },
  "FWI": {
    "mean": 13.734764099121094,
    "std": 16.560989379882812
  },
  "is_near_fire": {
    "mean": 0.011322097789489094,
    "std": 0.10580126601858073
  }
}