{
  "wind_speed_mean": {
    "mean": 2.5122768878936768,
    "std": 1.2364946603775024
  },
  "t2m_mean": {
    "mean": 14.602767944335938,
    "std": 7.384038925170898
  },
  "RH_mean": {
    "mean": 67.43927001953125,
    "std": 16.816558837890625
  },
  "total_precipitation_mean": {
    "mean": 1.0875686407089233,
    "std": 2.7018234729766846
  },
  "is_holiday": {
    "mean": 0.40683838383838383,
    "std": 0.49124425011816236
  },
  "surface_pressure_mean": {
    "mean": 947.3494873046875,
    "std": 41.870174407958984
  },
  "popdens_2020": {
    "mean": 48.81501770019531,
    "std": 511.32574462890625
  },
  "elevation_mean": {
    "mean": 363.84747314453125,
    "std": 444.8650207519531
  },
  "elevation_stdev": {
    "mean": 16.709259033203125,
    "std": 26.37311553955078
  },
  "dist_to_railways_mean": {
    "mean": 0.2519236207008362,
    "std": 0.12844543159008026
  },
  "dist_to_roads_mean": {
    "mean": 1.0070858001708984,
    "std": 1.0441616773605347
  },
  "dist_to_waterways_mean": {
    "mean": 1.8183262348175049,
    "std": 1.8274953365325928
  },
  "roughness_mean": {
    "mean": 7.0487823486328125,
    "std": 9.59355640411377
  },
  "slope_mean": {
    "mean": 4.739147186279297,
    "std": 6.397241592407227
  },
  "CLC_2018_forest_proportion": {
    "mean": 0.14784525334835052,
    "std": 0.27471670508384705
  },
  "CLC_2018_open_space_proportion": {
    "mean": 0.00967398565262556,
    "std": 0.07427806407213211
  },
  "CLC_2018_arable_land_proportion": {
    "mean": 0.14138399064540863,
    "std": 0.29357028007507324
  }
}