{
  "wind_speed_mean": {
    "mean": 2.512403964996338,
    "std": 1.2694746255874634
  },
  "t2m_mean": {
    "mean": 13.134350776672363,
    "std": 7.039263725280762
  },
  "RH_mean": {
    "mean": 70.04766082763672,
    "std": 16.25968360900879
  },
  "total_precipitation_mean": {
    "mean": 1.1229792833328247,
    "std": 2.704406976699829
  },
  "is_holiday": {
    "mean": 0.354807824623042,
    "std": 0.47845504721896814
  },
  "popdens_2020": {
    "mean": 46.86064910888672,
    "std": 498.5992126464844
  },
  "dist_to_railways_mean": {
    "mean": 0.2518903315067291,
    "std": 0.1284014731645584
  },
  "dist_to_roads_mean": {
    "mean": 1.0061800479888916,
    "std": 1.0440672636032104
  },
  "slope_mean": {
    "mean": 4.731202125549316,
    "std": 6.3904008865356445
  },
  "CLC_2018_forest_proportion": {
    "mean": 0.14739811420440674,
    "std": 0.27457255125045776
  },
  "FWI": {
    "mean": 11.759415626525879,
    "std": 14.71138858795166
  },
  "is_near_fire": {
    "mean": 0.008992131459522764,
    "std": 0.09439953935977123
  }
}