{
  "wind_speed_mean": {
    "mean": 2.381892204284668,
    "std": 1.247757911682129
  },
  "t2m_mean": {
    "mean": 13.970427513122559,
    "std": 7.415153503417969
  },
  "RH_mean": {
    "mean": 69.20886993408203,
    "std": 17.088014602661133
  },
  "total_precipitation_mean": {
    "mean": 1.0370066165924072,
    "std": 2.649484872817993
  },
  "is_holiday": {
    "mean": 0.27689752598448253,
    "std": 0.44746540211300734
  }
}