{
  "wind_speed_mean": {
    "mean": 2.480790615081787,
    "std": 1.1801615953445435
  },
  "t2m_mean": {
    "mean": 14.194684982299805,
    "std": 7.667965412139893
  },
  "RH_mean": {
    "mean": 67.583984375,
    "std": 16.519840240478516
  },
  "total_precipitation_mean": {
    "mean": 1.082610845565796,
    "std": 2.6221184730529785
  },
  "is_holiday": {
    "mean": 0.24681228041282388,
    "std": 0.4311565593264697
  },
  "popdens_2020": {
    "mean": 46.74262619018555,
    "std": 498.8612060546875
  },
  "dist_to_railways_mean": {
    "mean": 0.2518841028213501,
    "std": 0.12836448848247528
  },
  "dist_to_roads_mean": {
    "mean": 1.006123661994934,
    "std": 1.0450619459152222
  },
  "slope_mean": {
    "mean": 4.726566314697266,
    "std": 6.386866092681885
  },
  "CLC_2018_forest_proportion": {
    "mean": 0.14720280468463898,
    "std": 0.27451229095458984
  },
  "FWI": {
    "mean": 13.253196716308594,
    "std": 16.120248794555664
  },
  "is_near_fire": {
    "mean": 0.00893917435221783,
    "std": 0.09412367138036552
  }
}