{
  "wind_speed_mean": {
    "mean": 2.515868663787842,
    "std": 1.2601181268692017
  },
  "t2m_mean": {
    "mean": 13.95984172821045,
    "std": 7.295870780944824
  },
  "RH_mean": {
    "mean": 67.73209381103516,
    "std": 16.344846725463867
  },
  "total_precipitation_mean": {
    "mean": 0.96524578332901,
    "std": 2.4800868034362793
  },
  "is_holiday": {
    "mean": 0.31061630800761236,
    "std": 0.46274595320470424
  },
  "popdens_2020": {
    "mean": 48.81502151489258,
    "std": 511.32574462890625
  },
  "elevation_mean": {
    "mean": 363.84747314453125,
    "std": 444.864990234375
  },
  "dist_to_railways_mean": {
    "mean": 0.2519236207008362,
    "std": 0.12844543159008026
  },
  "dist_to_roads_mean": {
    "mean": 1.007085919380188,
    "std": 1.0441616773605347
  },
  "dist_to_waterways_mean": {
    "mean": 1.8183261156082153,
    "std": 1.8274953365325928
  },
  "roughness_mean": {
    "mean": 7.048781871795654,
    "std": 9.59355640411377
  },
  "slope_mean": {
    "mean": 4.739146709442139,
    "std": 6.39724063873291
  },
  "CLC_2018_forest_proportion": {
    "mean": 0.1478452831506729,
    "std": 0.27471673488616943
  },
  "CLC_2018_open_space_proportion": {
    "mean": 0.009673986583948135,
    "std": 0.07427805662155151
  }
}