{
  "wind_speed_mean": {
    "mean": 2.4423727989196777,
    "std": 1.230258822441101
  },
  "t2m_mean": {
    "mean": 13.253973007202148,
    "std": 7.122247219085693
  },
  "RH_mean": {
    "mean": 69.31431579589844,
    "std": 15.90195083618164
  },
  "total_precipitation_mean": {
    "mean": 0.9914125800132751,
    "std": 2.35722279548645
  },
  "is_holiday": {
    "mean": 0.24289013321622016,
    "std": 0.42882923921116933
  },
  "popdens_2020": {
    "mean": 46.86064910888672,
    "std": 498.5992126464844
  },
  "dist_to_railways_mean": {
    "mean": 0.2518903315067291,
    "std": 0.1284014731645584
  },
  "dist_to_roads_mean": {
    "mean": 1.0061800479888916,
    "std": 1.0440672636032104
  },
  "slope_mean": {
    "mean": 4.731202125549316,
    "std": 6.3904008865356445
  },
  "CLC_2018_forest_proportion": {
    "mean": 0.14739811420440674,
    "std": 0.27457255125045776
  },
  "FWI": {
    "mean": 12.121739387512207,
    "std": 15.24174690246582
  },
  "is_near_fire": {
    "mean": 0.011956155760503587,
    "std": 0.10868857391618929
  }
}