{
  "wind_speed_mean": {
    "mean": 2.493245840072632,
    "std": 1.2385660409927368
  },
  "t2m_mean": {
    "mean": 13.997635841369629,
    "std": 7.6723833084106445
  },
  "RH_mean": {
    "mean": 67.76669311523438,
    "std": 16.85909080505371
  },
  "total_precipitation_mean": {
    "mean": 1.0284525156021118,
    "std": 2.635772466659546
  },
  "is_holiday": {
    "mean": 0.2641308007612355,
    "std": 0.44086927864217335
  },
  "popdens_2020": {
    "mean": 46.86064910888672,
    "std": 498.5992126464844
  },
  "dist_to_railways_mean": {
    "mean": 0.2518903315067291,
    "std": 0.1284014731645584
  },
  "dist_to_roads_mean": {
    "mean": 1.0061800479888916,
    "std": 1.0440672636032104
  },
  "slope_mean": {
    "mean": 4.731202125549316,
    "std": 6.3904008865356445
  },
  "CLC_2018_forest_proportion": {
    "mean": 0.14739811420440674,
    "std": 0.27457255125045776
  },
  "FWI": {
    "mean": 13.68789005279541,
    "std": 16.47121810913086
  },
  "is_near_fire": {
    "mean": 0.01267738984043332,
    "std": 0.11187794075360416
  }
}