{
  "wind_speed_mean": {
    "mean": 2.5017929077148438,
    "std": 1.2426295280456543
  },
  "t2m_mean": {
    "mean": 13.33446216583252,
    "std": 7.5996198654174805
  },
  "RH_mean": {
    "mean": 68.93472290039062,
    "std": 16.0408878326416
  },
  "total_precipitation_mean": {
    "mean": 0.9413236379623413,
    "std": 2.0961625576019287
  },
  "is_holiday": {
    "mean": 0.314527521592739,
    "std": 0.4643274273112242
  },
  "popdens_2020": {
    "mean": 46.86064910888672,
    "std": 498.5992126464844
  },
  "dist_to_railways_mean": {
    "mean": 0.2518903315067291,
    "std": 0.1284014731645584
  },
  "dist_to_roads_mean": {
    "mean": 1.0061800479888916,
    "std": 1.0440672636032104
  },
  "slope_mean": {
    "mean": 4.731202125549316,
    "std": 6.3904008865356445
  },
  "CLC_2018_forest_proportion": {
    "mean": 0.14739811420440674,
    "std": 0.27457255125045776
  },
  "FWI": {
    "mean": 12.70879077911377,
    "std": 15.206171989440918
  },
  "is_near_fire": {
    "mean": 0.011598741033523641,
    "std": 0.10707105229687713
  }
}