{
  "wind_speed_mean": {
    "mean": 2.433016538619995,
    "std": 1.1701231002807617
  },
  "t2m_mean": {
    "mean": 13.978225708007812,
    "std": 7.352707862854004
  },
  "RH_mean": {
    "mean": 67.35262298583984,
    "std": 16.95577049255371
  },
  "total_precipitation_mean": {
    "mean": 0.8626696467399597,
    "std": 2.2906885147094727
  },
  "is_holiday": {
    "mean": 0.36585323923271806,
    "std": 0.48166860659133914
  },
  "popdens_2020": {
    "mean": 46.78522872924805,
    "std": 502.96820068359375
  },
  "dist_to_railways_mean": {
    "mean": 0.25202861428260803,
    "std": 0.12842248380184174
  },
  "dist_to_roads_mean": {
    "mean": 1.0053107738494873,
    "std": 1.0433388948440552
  },
  "slope_mean": {
    "mean": 4.729099750518799,
    "std": 6.396743297576904
  },
  "CLC_2018_forest_proportion": {
    "mean": 0.14705944061279297,
    "std": 0.2742483913898468
  }
}